timestamp,capacity_mbps,offered_load_mbps,received_throughput_mbps,jitter_ms,packet_loss_percent,lost_datagrams,total_datagrams,congested
2026-10-03T09:48:58,10,2.5,2.5,0.185,0,0,2159,0
2026-10-03T09:49:11,10,2.5,2.5,0.181,0,0,2159,0
2026-10-03T09:49:23,10,2.5,2.5,0.096,0,0,2159,0
2026-10-03T09:49:35,10,5,4.999,0.168,0,0,4317,0
2026-10-03T09:49:47,10,5,5.0,0.13,0,0,4317,0
2026-10-03T09:49:59,10,5,5.0,0.167,0,0,4317,0
2026-10-03T09:50:11,10,7.5,7.5,0.229,0,0,6476,0
2026-10-03T09:50:23,10,7.5,7.5,0.1,0,0,6476,0
2026-10-03T09:50:35,10,7.5,7.5,0.091,0,0,6476,0
2026-10-03T09:50:47,10,10,9.999,0.163,2.293,198,8634,1
2026-10-03T09:50:59,10,10,9.999,0.257,2.293,198,8634,1
2026-10-03T09:51:11,10,10,10.0,0.21,2.293,198,8634,1
2026-10-03T09:51:23,10,12.5,12.5,0.423,21.838,2357,10793,1
2026-10-03T09:51:35,10,12.5,12.499,0.356,21.831,2356,10792,1
2026-10-03T09:51:47,10,12.5,12.499,0.395,21.831,2356,10792,1
2026-10-03T09:52:00,10,15,14.999,0.363,34.854,4514,12951,1
2026-10-03T09:52:12,10,15,15.0,0.39,34.862,4515,12951,1
2026-10-03T09:52:24,10,15,15.0,0.374,34.862,4515,12951,1
2026-10-03T09:52:36,20,5,5.0,0.044,0,0,4317,0
2026-10-03T09:52:48,20,5,5.0,0.064,0,0,4317,0
2026-10-03T09:53:00,20,5,5.0,0.053,0,0,4317,0
2026-10-03T09:53:12,20,10,10.0,0.054,0,0,8634,0
2026-10-03T09:53:24,20,10,10.0,0.017,0,0,8634,0
2026-10-03T09:53:36,20,10,10.0,0.052,0,0,8634,0
2026-10-03T09:53:48,20,15,14.999,0.031,0,0,12951,0
2026-10-03T09:54:00,20,15,15.0,0.043,0,0,12951,0
2026-10-03T09:54:12,20,15,14.999,0.032,0,0,12950,0
2026-10-03T09:54:24,20,20,19.999,0.087,2.317,400,17267,1
2026-10-03T09:54:36,20,20,19.999,0.053,2.322,401,17267,1
2026-10-03T09:54:48,20,20,19.999,0.082,2.317,400,17267,1
2026-10-03T09:55:00,20,25,24.999,0.261,21.854,4717,21584,1
2026-10-03T09:55:13,20,25,24.998,0.183,21.854,4717,21584,1
2026-10-03T09:55:25,20,25,24.998,0.202,21.854,4717,21584,1
2026-10-03T09:55:37,20,30,29.997,0.2,34.875,9033,25901,1
2026-10-03T09:55:49,20,30,29.998,0.217,34.875,9033,25901,1
2026-10-03T09:56:01,20,30,29.998,0.22,34.875,9033,25901,1
2026-10-03T09:56:13,30,7.5,7.5,0.094,0,0,6476,0
2026-10-03T09:56:25,30,7.5,7.5,0.118,0,0,6476,0
2026-10-03T09:56:37,30,7.5,7.5,0.132,0,0,6476,0
2026-10-03T09:56:49,30,10,9.999,0.061,0,0,8634,0
2026-10-03T09:57:01,30,10,10.0,0.05,0,0,8634,0
2026-10-03T09:57:13,30,10,9.999,0.029,0,0,8634,0
2026-10-03T09:57:25,30,15,14.999,0.029,0,0,12951,0
2026-10-03T09:57:37,30,15,14.999,0.085,0,0,12951,0
2026-10-03T09:57:49,30,15,14.999,0.03,0,0,12951,0
2026-10-03T09:58:01,30,20,19.999,0.025,0,0,17268,0
2026-10-03T09:58:13,30,20,19.998,0.019,0,0,17267,0
2026-10-03T09:58:25,30,20,20.0,0.032,0,0,17268,0
2026-10-03T09:58:38,30,25,24.999,0.014,0,0,21584,0
2026-10-03T09:58:50,30,25,24.999,0.024,0,0,21584,0
2026-10-03T09:59:02,30,25,24.999,0.017,0,0,21584,0
2026-10-03T09:59:14,30,30,29.214,0.461,0,0,25225,0
2026-10-03T09:59:26,30,30,29.221,0.453,0,0,25233,0
2026-10-03T09:59:38,30,30,29.212,0.457,0,0,25223,0
2026-10-03T09:59:50,30,40,29.257,0.452,0,0,25263,1
2026-10-03T10:00:02,30,40,29.223,0.454,0,0,25233,1
2026-10-03T10:00:14,30,40,29.244,0.449,0,0,25251,1
2026-10-03T10:00:26,30,45,29.246,0.456,0,0,25252,1
2026-10-03T10:00:38,30,45,29.208,0.463,0,0,25222,1
2026-10-03T10:00:50,30,45,29.246,0.459,0,0,25252,1
2026-10-03T10:01:02,40,10,10.0,0.081,0,0,8634,0
2026-10-03T10:01:14,40,10,10.0,0.149,0,0,8634,0
2026-10-03T10:01:26,40,10,10.0,0.046,0,0,8634,0
2026-10-03T10:01:38,40,15,15.001,0.051,0,0,12951,0
2026-10-03T10:01:50,40,15,15.0,0.031,0,0,12951,0
2026-10-03T10:02:02,40,15,15.0,0.02,0,0,12951,0
2026-10-03T10:02:14,40,20,19.999,0.016,0,0,17267,0
2026-10-03T10:02:26,40,20,19.999,0.025,0,0,17267,0
2026-10-03T10:02:38,40,20,20.0,0.016,0,0,17267,0
2026-10-03T10:02:51,40,30,29.999,0.036,0,0,25901,0
2026-10-03T10:03:03,40,30,29.997,0.019,0,0,25904,0
2026-10-03T10:03:15,40,30,29.999,0.002,0,0,25901,0
2026-10-03T10:03:27,40,35,34.998,0.036,0,0,30218,0
2026-10-03T10:03:39,40,35,34.997,0.016,0,0,30217,0
2026-10-03T10:03:51,40,35,34.999,0.002,0,0,30217,0
2026-10-03T10:04:03,40,40,38.945,0.343,0,0,33627,0
2026-10-03T10:04:15,40,40,38.934,0.33,0,0,33617,0
2026-10-03T10:04:27,40,40,38.957,0.348,0,0,33637,0
2026-10-03T10:04:39,40,50,38.926,0.344,0,0,33611,1
2026-10-03T10:04:51,40,50,38.945,0.347,0,0,33628,1
2026-10-03T10:05:03,40,50,38.918,0.338,0,0,33603,1
2026-10-03T10:05:15,40,60,38.938,0.345,0,0,33620,1
2026-10-03T10:05:27,40,60,38.951,0.343,0,0,33632,1
2026-10-03T10:05:39,40,60,38.938,0.34,0,0,33621,1
2026-10-03T10:05:51,50,10,10.0,0.036,0,0,8634,0
2026-10-03T10:06:03,50,10,10.0,0.049,0,0,8634,0
2026-10-03T10:06:15,50,10,10.0,0.035,0,0,8634,0
2026-10-03T10:06:27,50,15,14.999,0.021,0,0,12950,0
2026-10-03T10:06:39,50,15,15.0,0.024,0,0,12951,0
2026-10-03T10:06:51,50,15,15.0,0.038,0,0,12951,0
2026-10-03T10:07:03,50,20,19.999,0.025,0,0,17267,0
2026-10-03T10:07:15,50,20,19.999,0.033,0,0,17267,0
2026-10-03T10:07:27,50,20,20.0,0.049,0,0,17268,0
2026-10-03T10:07:39,50,25,24.999,0.014,0,0,21584,0
2026-10-03T10:07:51,50,25,24.999,0.013,0,0,21584,0
2026-10-03T10:08:03,50,25,24.999,0.012,0,0,21584,0
2026-10-03T10:08:16,50,30,29.998,0.046,0,0,25901,0
2026-10-03T10:08:28,50,30,29.999,0.096,0,0,25903,0
2026-10-03T10:08:40,50,30,30.0,0.042,0,0,25901,0
2026-10-03T10:08:52,50,40,40.0,0.079,0,0,34535,0
2026-10-03T10:09:04,50,40,39.999,0.014,0,0,34534,0
2026-10-03T10:09:16,50,40,39.999,0.053,0,0,34534,0
2026-10-03T10:09:28,50,50,48.641,0.285,0,0,41998,0
2026-10-03T10:09:40,50,50,48.658,0.274,0,0,42012,0
2026-10-03T10:09:52,50,50,48.668,0.272,0,0,42021,0
2026-10-03T10:10:04,50,60,48.642,0.273,0,0,41996,1
2026-10-03T10:10:16,50,60,48.649,0.269,0,0,42005,1
2026-10-03T10:10:28,50,60,48.641,0.273,0,0,41997,1
2026-10-03T10:10:40,50,75,48.664,0.277,0,0,42018,1
2026-10-03T10:10:52,50,75,48.657,0.272,0,0,42012,1
2026-10-03T10:11:04,50,75,48.657,0.277,0,0,42012,1
