timestamp,label,latency_ms,packet_loss_percent,jitter_ms,rx_mbps,tx_mbps,total_traffic_mbps,signal_percent,rssi_dbm
2026-10-03T16:22:27.183162+00:00,NORMAL,,100.0,0.0,0.0,0.0,0.0,,
2026-10-03T16:22:34.318343+00:00,NORMAL,,100.0,0.0,0.000327837474281,0.0016436477452049,0.001971485219486,,
2026-10-03T16:22:41.454163+00:00,NORMAL,,100.0,0.0,0.001505297912415,0.0012562843978426,0.0027615823102577,,
2026-10-03T16:22:48.591231+00:00,NORMAL,,100.0,0.0,0.0003768433322217,0.0011462318021744,0.0015230751343961,,
2026-10-03T16:22:55.726236+00:00,NORMAL,,100.0,0.0,0.0014655965063867,0.0012078845824808,0.0026734810888676,,
2026-10-03T16:23:02.862726+00:00,NORMAL,,100.0,0.0,0.0003297173067842,0.0013188692271371,0.0016485865339214,,
2026-10-03T16:23:09.998738+00:00,NORMAL,,100.0,0.0,0.0001099114225397,0.0010991142253971,0.0012090256479368,,
2026-10-03T16:23:17.102353+00:00,NORMAL,,100.0,0.0,0.000439971984876,0.001209922958409,0.0016498949432851,,
2026-10-03T16:23:24.238403+00:00,NORMAL,,100.0,0.0,0.00048740186028793094,0.001257811252355951,0.0017452131126438819,,
