timestamp,label,latency_ms,packet_loss_percent,jitter_ms,rx_mbps,tx_mbps,total_traffic_mbps
2026-10-03T16:32:10.518864+00:00,NORMAL,9.304,0.0,,0.0,0.0,0.0
2026-10-03T16:32:15.584331+00:00,NORMAL,13.599,0.0,,0.000924415103392,0.0010784842872906,0.0020028993906827
2026-10-03T16:32:20.644769+00:00,NORMAL,11.875,0.0,,0.0009299908045478,0.0013949862068217,0.0023249770113696
2026-10-03T16:32:25.704787+00:00,NORMAL,12.082,0.0,,0.0009945929388594,0.0013040218531712,0.0022986147920306
2026-10-03T16:32:30.755647+00:00,NORMAL,23.944,0.0,,0.0010872645805394,0.0013979116035507,0.0024851761840902
2026-10-03T16:32:35.804332+00:00,NORMAL,11.143,0.0,,0.0014216791618948,0.0017319788453373,0.0031536580072321
2026-10-03T16:32:40.854667+00:00,NORMAL,11.254,0.0,,0.0010874466702646,0.0013981457189117,0.0024855923891763
2026-10-03T16:32:45.906432+00:00,NORMAL,10.397,0.0,,0.0007756026480269,0.001240964236843,0.00201656688487
2026-10-03T16:32:50.956903+00:00,NORMAL,11.256,0.0,,0.001308723394715,0.0014639956618846,0.0027727190565996
2026-10-03T16:32:56.007070+00:00,NORMAL,10.47,0.0,,0.0006212588027039,0.0010872029047319,0.0017084617074359
2026-10-03T16:33:01.119718+00:00,NORMAL,10.083,0.0,,0.0026904661596231,0.0013958771486985,0.0040863433083216
2026-10-03T16:33:06.175603+00:00,NORMAL,11.452,0.0,,0.0006127026136665,0.001225405227333,0.0018381078409995
2026-10-03T16:36:32.753122+00:00,NORMAL,9.07,0.0,,0.0,0.0,0.0
2026-10-03T16:36:37.816873+00:00,NORMAL,9.652,0.0,0.581999999999999,0.0007725261112179,0.0013905470001923,0.0021630731114103
2026-10-03T16:36:42.889517+00:00,NORMAL,9.666,0.0,0.0140000000000011,0.0010810764010259,0.0012355158868868,0.0023165922879128
2026-10-03T16:36:47.954553+00:00,NORMAL,10.283,0.0,0.6169999999999991,0.0009292461031019,0.0013938691546528,0.0023231152577547
2026-10-03T16:39:00.026973+00:00,WARNING,9.214,0.0,,0.0,0.0,0.0
2026-10-03T16:39:05.080075+00:00,WARNING,8.438,0.0,0.7759999999999998,0.0011472023598127,15.371042950337747,15.37219015269756
2026-10-03T16:39:10.138159+00:00,WARNING,8.729,0.0,0.2909999999999986,0.0008418094274012,15.439677343120747,15.440519152548148
2026-10-03T16:39:15.191302+00:00,WARNING,8.403,0.0,0.3259999999999987,0.0010857010201514,15.43300893388868,15.434094634908831
2026-10-03T16:39:20.249544+00:00,WARNING,8.686,0.0,0.2829999999999995,0.0009304969902228,15.443230669913955,15.44416116690418
2026-10-03T16:39:25.284607+00:00,WARNING,8.367,0.0,0.318999999999999,0.0009330009531928,15.42773563917152,15.428668640124712
2026-10-03T16:39:30.343705+00:00,WARNING,9.182,0.0,0.8149999999999995,0.0009309733715744,15.4417006577834,15.442631631154974
2026-10-03T16:39:35.393201+00:00,WARNING,8.618,0.0,0.5640000000000001,0.0009313396164987,15.435820063253091,15.436751402869591
2026-10-03T16:39:40.441845+00:00,WARNING,8.573,0.0,0.0449999999999999,0.0010871091976021,15.439013894836467,15.440101004034071
2026-10-03T16:39:45.504111+00:00,WARNING,9.217,0.0,0.6440000000000001,0.0020298568164695,0.9792392603324632,0.981269117148933
2026-10-03T16:39:50.568801+00:00,WARNING,9.926,0.0,0.7089999999999996,0.001305499508388,0.0014603892805696,0.0027658887889576
2026-10-03T16:39:55.629041+00:00,WARNING,58.691,0.0,48.765,0.000619470151799,0.0010840727656482,0.0017035429174473
2026-10-03T16:42:36.928020+00:00,CONGESTED,9.94,0.0,,0.0,0.0,0.0
2026-10-03T16:42:42.007996+00:00,CONGESTED,27.562,0.0,17.622,0.0010766996277447,30.732981433352563,30.73405813298031
2026-10-03T16:42:47.222527+00:00,CONGESTED,8.4,0.0,19.162,0.0007499738598648,30.843124971257712,30.843874945117577
2026-10-03T16:42:52.296995+00:00,CONGESTED,9.174,0.0,0.7739999999999991,0.0024007343329894,30.89148377721176,30.89388451154475
2026-10-03T16:42:57.344408+00:00,CONGESTED,9.969,0.0,0.7949999999999999,0.0012025046554473,30.837735064656243,30.83893756931169
2026-10-03T16:43:02.395555+00:00,CONGESTED,8.941,0.0,1.0279999999999987,0.0013085293816155,30.88286807707889,30.884176606460503
2026-10-03T16:43:07.467294+00:00,CONGESTED,12.903,0.0,3.962,0.0033201881483325,22.998489328273767,23.0018095164221
2026-10-03T16:43:12.537313+00:00,CONGESTED,9.358,0.0,3.545,0.0012344288364114,0.0012344288364114,0.0024688576728229
2026-10-03T16:43:17.609431+00:00,CONGESTED,9.925,0.0,0.5670000000000002,0.0006849227217594,0.0013035625994775,0.0019884853212369
2026-10-03T16:43:22.678288+00:00,CONGESTED,9.462,0.0,0.4630000000000009,0.0012351943844937,0.0012351943844937,0.0024703887689875
2026-10-03T16:43:27.741107+00:00,CONGESTED,8.616,0.0,0.8460000000000001,0.000774173617433,0.0013935125113795,0.0021676861288125
2026-10-03T16:43:32.805479+00:00,CONGESTED,8.755,0.0,0.1390000000000011,0.0011538141962315,0.0013091353380319,0.0024629495342634
2026-10-03T17:10:46.994672+00:00,CONGESTED,9.093,0.0,,0.0,0.0,0.0
2026-10-03T17:10:52.076774+00:00,CONGESTED,9.165,0.0,0.07199999999999918,0.001078754440493569,0.0013869699949203029,0.002465724435413872
